District ,Name of municipalities,HLCIT_CODE,cbs code,Total,Without any toilet facility,Flush Toilet ,Ordinary Toilet ,Toilet Facility not stated
Achham,Bannigadhi Jayagadh Gaunpalika,524 7 69 4 003,70707,3373,2230,1007,130,6
Achham,Chaurpati Gaunpalika,524 7 69 4 001,70705,5113,2688,1593,812,20
Achham,Dhakari Gaunpalika,524 7 69 4 005,70709,3795,1076,1387,1300,32
Achham,Kamal bazar Municipality,524 7 69 3 003,70708,4482,2825,879,736,42
Achham,Mangalsen Municipality,524 7 69 3 002,70706,6604,4234,1913,436,21
Achham,Mellekh Gaunpalika,524 7 69 4 002,70703,4360,624,2542,1157,37
Achham,Panchdebal Binayak Municipality,524 7 69 3 004,70701,4966,3907,557,471,31
Achham,Ramaroshan Gaunpalika,524 7 69 4 004,70702,4357,2413,1606,318,20
Achham,Sanphebagar Municipality,524 7 69 3 001,70704,6693,2214,3985,446,48
Achham,Turmakhand Gaunpalika,524 7 69 4 006,70710,4575,3124,504,926,21
Arghakhanchi,Bhumikasthan Municipality,524 5 50 3 001,50503,7727,2517,2754,2438,18
Arghakhanchi,Chhatradev Gaunpalika,524 5 50 4 002,50501,6341,933,2067,3326,15
Arghakhanchi,Malarani Gaunpalika,524 5 50 4 001,50502,6824,1751,2615,2453,5
Arghakhanchi,Panini Gaunpalika,524 5 50 4 003,50505,6152,1566,1820,2744,22
Arghakhanchi,Sandhikharka Municipality,524 5 50 3 002,50504,10581,2001,5098,3424,58
Arghakhanchi,Shitaganga Municipality,524 5 50 3 003,50506,9201,4519,2028,2615,39
Baglung,Badigad Gaunpalika,524 4 43 4 003,41107,6228,1662,2498,2004,64
Baglung,Baglung Municipality,524 4 43 3 003,41101,15182,789,11846,2510,37
Baglung,Bareng Gaunpalika,524 4 43 4 006,41109,3240,340,1366,1523,11
Baglung,Dhorpatan Municipality,524 4 43 3 001,41105,5706,3122,1394,1153,37
Baglung,Galkot Municipality,524 4 43 3 002,41108,7711,647,4894,2141,29
Baglung,Jaimuni Municipality,524 4 43 3 004,41110,7477,730,5370,1353,24
Baglung,Kathekhola Gaunpalika,524 4 43 4 005,41102,6128,452,4730,924,22
Baglung,Nisikhola Gaunpalika,524 4 43 4 001,41106,4893,2695,694,1469,35
Baglung,Tamankhola Gaunpalika,524 4 43 4 002,41104,2422,1498,305,604,15
Baglung,Tarakhola Gaunpalika,524 4 43 4 004,41103,2495,215,873,1402,5
Baitadi,Dasharathchand Municipality,524 7 74 3 001,70405,7257,2813,3538,877,29
Baitadi,Dilasaini Gaunpalika,524 7 74 4 001,70401,4110,3200,641,260,9
Baitadi,Dogada Kedar Gaunpalika,524 7 74 4 002,70402,4559,3287,976,279,17
Baitadi,Melauli Municipality,524 7 74 3 003,70408,3947,1887,1523,513,24
Baitadi,Pancheshwor Gaunpalika,524 7 74 4 004,70406,3312,2377,764,160,11
Baitadi,Patam Municipality,524 7 74 3 004,70409,5767,2187,3071,486,23
Baitadi,Puchaundi Municipality,524 7 74 3 002,70403,6390,3528,2110,726,26
Baitadi,Shivanath Gaunpalika,524 7 74 4 005,70407,2771,1800,660,302,9
Baitadi,Sigas Gaunpalika,524 7 74 4 006,70410,3733,2596,910,200,27
Baitadi,Surnaya Gaunpalika,524 7 74 4 003,70404,3321,2133,786,377,25
Bajhang,Bitthadchir Gaunpalika,524 7 67 4 004,70210,2739,2377,170,178,14
Bajhang,Bungal Municipality,524 7 67 3 001,70202,5480,4035,1040,322,83
Bajhang,Chhabis Pathibhara Gaunpalika,524 7 67 4 007,70207,2953,1588,522,822,21
Bajhang,Durgathali Gaunpalika,524 7 67 4 006,70208,2447,1965,257,193,32
Bajhang,Jayaprithbi Municipality,524 7 67 3 002,70206,4015,2623,988,370,34
Bajhang,Kanda Gaunpalika,524 7 67 4 001,70201,363,347,8,5,3
Bajhang,Kedarsyun Gaunpalika,524 7 67 4 005,70209,3586,2390,836,347,13
Bajhang,Khaptad Chhanna Gaunpalika,524 7 67 4 010,70212,3105,2480,343,270,12
Bajhang,Masta Gaunpalika,524 7 67 4 008,70205,2456,1244,682,517,13
Bajhang,Surma Gaunpalika,524 7 67 4 002,70203,1418,1187,113,114,4
Bajhang,Talkot Gaunpalika,524 7 67 4 003,70204,2000,1124,596,254,26
Bajhang,Thalara Gaunpalika,524 7 67 4 009,70211,3211,2244,565,340,62
Bajura,Badimalika Municipality,524 7 68 3 002,70106,3446,1926,773,728,19
Bajura,Budhiganga Municipality,524 7 68 3 003,11213,4277,3170,403,657,47
Bajura,Budhinanda Municipality,524 7 68 3 001,70103,3452,1988,228,1218,18
Bajura,Chhededaha Gaunpalika,524 7 68 4 003,70107,3174,1718,712,703,41
Bajura,Gaumul Gaunpalika,524 7 68 4 002,70102,1560,742,39,774,5
Bajura,Himali Gaunpalika,524 7 68 4 001,70101,1722,1289,126,279,28
Bajura,Pandab Gufa Gaunpalika,524 7 68 4 004,70105,1684,1298,116,266,4
Bajura,Swami Kartik Gaunpalika,524 7 68 4 005,70104,2223,1615,284,301,23
Bajura,Tribeni Municipality,524 7 68 3 004,50206,3350,1566,694,1078,12
Banke,Baijanath Gaunpalika,524 5 57 4 002,51103,11066,5468,2869,2704,25
Banke,Duduwa Gaunpalika,524 5 57 4 004,51107,6590,5464,422,684,20
Banke,Janaki Gaunpalika,524 5 57 4 003,70808,6724,5386,724,550,64
Banke,Khajura Gaunpalika,524 5 57 4 001,51104,10288,4950,2885,2401,52
Banke,Kohalpur Municipality,524 5 57 3 001,51102,15483,4822,6616,3989,56
Banke,Narainapur Gaunpalika,524 5 57 4 006,51108,5908,5594,145,130,39
Banke,Nepalganj Sub-Metropolitian City,524 5 57 2 001,51106,27892,8761,15551,3329,251
Banke,Rapti Sonari Gaunpalika,524 5 57 4 005,51101,10742,8551,1128,1028,35
Bara,Aadarsha Kotwal Gaunpalika,524 2 33 4 009,20711,3960,3571,123,245,21
Bara,Baragadhi Gaunpalika,524 2 33 4 006,20710,4270,3972,176,101,21
Bara,Bishrampur Gaunpalika,524 2 33 4 004,20706,3395,2950,299,110,36
Bara,Devtal Gaunpalika,524 2 33 4 007,20715,3185,2791,191,89,114
Bara,Jitpur Simara Sub-Metropolitian City,524 2 33 2 001,20703,21670,11140,6361,3991,178
Bara,Kalaiya Sub-Metropolitian City,524 2 33 2 002,20708,18689,12669,4163,1578,279
Bara,Karaiyamai Gaunpalika,524 2 33 4 003,20709,4173,3672,195,270,36
Bara,Kolhabi Municipality,524 2 33 3 002,20702,8111,6240,1291,518,62
Bara,Mahagadhimai Municipality,524 2 33 3 003,20714,7773,6324,934,420,95
Bara,Nijagadh Municipality,524 2 33 3 001,20701,7162,3481,2170,1469,42
Bara,Pacharauta Municipality,524 2 33 3 004,20713,4707,4192,282,181,52
Bara,Parawanipur Gaunpalika,524 2 33 4 001,20704,3166,2386,547,197,36
Bara,Pheta Gaunpalika,524 2 33 4 005,20707,3585,3017,300,249,19
Bara,Prasauni Gaunpalika,524 2 33 4 002,20705,3626,2658,533,378,57
Bara,Simroungadh Municipality,524 2 33 3 005,20712,7093,5840,796,403,54
Bara,Subarna Gaunpalika,524 2 33 4 008,20716,4035,3690,196,82,67
Bardiya,Badhaiyatal Gaunpalika,524 5 58 4 002,51208,10333,5347,2027,2943,16
Bardiya,Bansgadhi Municipality,524 5 58 3 006,51201,11210,6762,1686,2727,35
Bardiya,Barbardiya Municipality,524 5 58 3 005,51202,13268,6240,2971,4021,36
Bardiya,Geruwa Gaunpalika,524 5 58 4 001,51204,6135,3754,900,1475,6
Bardiya,Gulariya Municipality,524 5 58 3 004,51207,13064,7127,2761,3159,17
Bardiya,Madhuwan Municipality,524 5 58 3 002,51206,9569,2567,2368,4609,25
Bardiya,Rajapur Municipality,524 5 58 3 001,51205,10916,7064,1440,2396,16
Bardiya,Thakurbaba Municipality,524 5 58 3 003,51203,8652,3822,2306,2499,25
Bhaktapur,Bhaktapur Municipality,524 3 26 3 003,30702,17639,50,16900,590,99
Bhaktapur,Changunarayan Municipality,524 3 26 3 002,30701,12170,1381,7659,3037,93
Bhaktapur,Madhyapur Thimi Municipality,524 3 26 3 001,30703,20302,146,19555,472,129
Bhaktapur,Suryabinayak Municipality,524 3 26 3 004,30704,18446,502,15014,2814,116
Bhojpur,Aamchowk Gaunpalika,524 1 10 4 006,10609,3677,2231,84,1360,2
Bhojpur,Arun Gaunpalika,524 1 10 4 003,10605,3782,1203,359,2218,2
Bhojpur,Bhojpur Municipality,524 1 10 3 002,10604,6438,912,1924,3595,7
Bhojpur,Hatuwagadhi Gaunpalika,524 1 10 4 007,10608,4579,2556,199,1819,5
Bhojpur,Pauwa Dunma Gaunpalika,524 1 10 4 005,10606,3280,1209,673,1394,4
Bhojpur,Ramprasad Rai Gaunpalika,524 1 10 4 004,10607,4016,2436,206,1368,6
Bhojpur,Salpa Silichho Gaunpalika,524 1 10 4 001,10602,2728,973,106,1643,6
Bhojpur,Shadananda Municipality,524 1 10 3 001,10601,6832,1984,1191,3648,9
Bhojpur,Tyamke Maiyum Gaunpalika,524 1 10 4 002,10603,4061,650,377,3026,8
Chitawan,Bharatpur Metropolitian City,524 3 35 1 001,30702,69035,1984,57605,9146,300
Chitawan,Ichchha Kamana Gaunpalika,524 3 35 4 001,31303,4778,510,2451,1803,14
Chitawan,Kalika Municipality,524 3 35 3 001,30304,9116,940,5096,3053,27
Chitawan,Khairahani Municipality,524 3 35 3 003,31306,12331,757,8433,3094,47
Chitawan,Madi Municipality,524 3 35 3 005,10209,8960,1484,5707,1751,18
Chitawan,Rapti Municipality,524 3 35 3 004,31301,12055,1415,6571,4046,23
Chitawan,Ratnanagar Municipality,524 3 35 3 002,31305,16070,732,11832,3394,112
Dadeldhura,Aalital Gaunpalika,524 7 73 4 004,70506,3280,1032,1613,627,8
Dadeldhura,Ajayameru Gaunpalika,524 7 73 4 002,70503,3311,1014,1605,665,27
Dadeldhura,Amargadhi Municipality,524 7 73 3 002,70502,4778,1570,2590,596,22
Dadeldhura,Bhageshwor Gaunpalika,524 7 73 4 001,70504,2462,994,1079,364,25
Dadeldhura,Ganyapdhura Gaunpalika,524 7 73 4 005,70507,3070,817,1614,635,4
Dadeldhura,Nawadurga Gaunpalika,524 7 73 4 003,70501,4132,2601,998,517,16
Dadeldhura,Parashuram Municipality,524 7 73 3 001,70505,5990,3198,1694,1065,33
Dailekh,Aathbis Municipality,524 6 61 3 001,60801,5263,3020,1502,714,27
Dailekh,Bhagawatimai Gaunpalika,524 6 61 4 007,60609,3359,622,2379,345,13
Dailekh,Bhairabi Gaunpalika,524 6 61 4 002,60603,3976,2291,992,678,15
Dailekh,Chamunda Bindrasaini Municipality,524 6 61 3 002,60606,4634,3481,391,740,22
Dailekh,Dullu Municipality,524 6 61 3 003,60607,8164,5099,1909,1093,63
Dailekh,Dungeshwor Gaunpalika,524 6 61 4 006,60610,3044,762,1820,436,26
Dailekh,Gurans Gaunpalika,524 6 61 4 005,60611,4096,1308,2082,680,26
Dailekh,Mahabu Gaunpalika,524 6 61 4 003,60602,3553,1991,1045,493,24
Dailekh,Narayan Municipality,524 6 61 3 004,60608,5791,2316,2364,1069,42
Dailekh,Naumule Gaunpalika,524 6 61 4 004,60601,3708,2666,612,396,34
Dailekh,Thantikandh Gaunpalika,524 6 61 4 001,60604,3327,1406,1583,297,41
Dang,Babai Gaunpalika,524 5 56 4 001,51005,5945,2817,1601,1502,25
Dang,Bangalachuli Gaunpalika,524 5 56 4 005,51001,4730,2962,1044,703,21
Dang,Dangisharan Gaunpalika,524 5 56 4 002,51006,4455,2148,1759,534,14
Dang,Gadhawa Gaunpalika,524 5 56 4 006,51009,7267,4628,1438,1162,39
Dang,Ghorahi Sub-Metropolitian City,524 5 56 2 002,51002,35419,8272,22253,4758,136
Dang,Lamahi Municipality,524 5 56 3 001,51007,9432,4764,3566,1052,50
Dang,Rajpur Gaunpalika,524 5 56 4 004,20613,4473,3805,439,210,19
Dang,Rapti Gaunpalika,524 5 56 4 007,31301,8055,3224,3286,1464,81
Dang,Shantinagar Gaunpalika,524 5 56 4 003,51004,5328,2334,1955,1026,13
Dang,Tulsipur Sub-Metropolitian City,524 5 56 2 001,51003,31243,10580,15559,4931,173
Darchula,Apihimal Gaunpalika,524 7 75 4 003,70305,1085,445,497,141,2
Darchula,Byas Gaunpalika,524 7 75 4 001,40702,1919,1200,548,160,11
Darchula,Duhun Gaunpalika,524 7 75 4 002,70302,1982,875,528,573,6
Darchula,Lekam Gaunpalika,524 7 75 4 006,70309,2851,2024,704,118,5
Darchula,Mahakali Municipality,524 7 75 3 001,70303,4526,1583,2665,267,11
Darchula,Malikarjun Gaunpalika,524 7 75 4 004,70308,3096,2024,981,86,5
Darchula,Marma Gaunpalika,524 7 75 4 007,70306,2508,1430,910,164,4
Darchula,Naugad  Gaunpalika,524 7 75 4 005,70304,2616,1037,1272,294,13
Darchula,Shailyashikhar Municipality,524 7 75 3 002,70307,4021,2487,1299,206,29
Dhading,Benighat Rorang Gaunpalika,524 3 30 4 008,30409,6169,1903,3004,1241,21
Dhading,Dhunibenshi Municipality,524 3 30 3 002,30413,6759,2000,3216,1528,15
Dhading,Gajuri Gaunpalika,524 3 30 4 009,30410,5600,2245,2439,886,30
Dhading,Galchhi Gaunpalika,524 3 30 4 010,30411,5410,2191,2203,991,25
Dhading,Ganga Jamuna Gaunpalika,524 3 30 4 002,30403,4864,1597,1982,1276,9
Dhading,Jwalamukhi Gaunpalika,524 3 30 4 006,30407,5730,951,2635,2130,14
Dhading,Khaniyabas Gaunpalika,524 3 30 4 003,30402,2651,1064,488,1073,26
Dhading,Netrawati Gaunpalika,524 3 30 4 005,30405,3121,791,1338,984,8
Dhading,Nilkhantha Municipality,524 3 30 3 001,30406,13984,2283,8649,3015,37
Dhading,Rubi Valley Gaunpalika,524 3 30 4 001,30401,2134,1429,178,514,13
Dhading,Siddhalek Gaunpalika,524 3 30 4 007,30408,5138,1461,2480,1166,31
Dhading,Thakre Gaunpalika,524 3 30 4 011,30412,6927,2525,2865,1523,14
Dhading,Tripurasundari Gaunpalika,524 3 30 4 004,60105,5355,1438,2839,1061,17
Dhankuta,Chaubise Gaunpalika,524 1 07 4 004,10707,4542,1194,848,2490,10
Dhankuta,Chhathar Jorpati Gaunpalika,524 1 07 4 002,10703,4232,960,976,2285,11
Dhankuta,Dhankuta Municipality,524 1 07 3 003,10704,9460,1105,4880,3441,34
Dhankuta,Khalsa Chhintang Sahidbhumi Gaunpalika,524 1 07 4 001,10705,3876,1106,1189,1578,3
Dhankuta,Mahalaxmi Municipality,524 1 07 3 001,10701,5482,1168,1257,3045,12
Dhankuta,Pakhribas Municipality,524 1 07 3 002,10702,4977,987,992,2989,9
Dhankuta,Sangurigadhi Gaunpalika,524 1 07 4 003,10706,5047,2048,1611,1377,11
Dhanusa,Aurahi Gaunpalika,524 2 17 4 003,20404,4003,2873,380,701,49
Dhanusa,Bateshwor Gaunpalika,524 2 17 4 001,20304,3671,2969,328,317,57
Dhanusa,Bideha Municipality,524 2 17 3 010,20313,5817,3519,723,1368,207
Dhanusa,Chhireshwornath Municipality,524 2 17 3 003,20305,7775,4966,1412,1294,103
Dhanusa,Dhanauji Gaunpalika,524 2 17 4 004,20316,3717,2916,351,343,107
Dhanusa,Dhanushadham Municipality,524 2 17 3 004,20302,8715,7142,662,807,104
Dhanusa,Ganeshman Charnath Municipality,524 2 17 3 002,20301,7037,5776,822,344,95
Dhanusa,Hansapur Municipality,524 2 17 3 007,20308,6912,5346,622,847,97
Dhanusa,Janak Nandini Gaunpalika,524 2 17 4 006,20312,4461,3383,490,515,73
Dhanusa,Janakpur Sub-Metropolitian City,524 2 17 2 001,20315,30589,9463,13210,7372,544
Dhanusa,Kamala Municipality,524 2 17 3 011,20311,6999,6294,291,295,119
Dhanusa,Laxminiya Gaunpalika,524 2 17 4 002,20306,4995,3299,835,828,33
Dhanusa,Mithila Bihari Municipality,524 2 17 3 005,20307,6066,4557,896,475,138
Dhanusa,Mithila Municipality,524 2 17 3 001,20303,8229,5338,744,2061,86
Dhanusa,Mukhiyapatti Musaharmiya Gaunpalika,524 2 17 4 005,20318,4130,3419,249,423,39
Dhanusa,Nagarain Municipality,524 2 17 3 009,20317,6365,4661,676,973,55
Dhanusa,Sabaila Municipality,524 2 17 3 006,20309,10073,6767,1222,1829,255
Dhanusa,Shahidnagar Municipality,524 2 17 3 008,20310,8671,7004,812,669,186
Dolakha,Baitedhar Gaunpalika,524 3 22 4 004,20304,5079,1094,2429,1549,7
Dolakha,Bhimeshwor Municipality,524 3 22 3 001,30109,8639,991,4636,2990,22
Dolakha,Bigu Gaunpalika,524 3 22 4 001,30102,4418,1490,1013,1898,17
Dolakha,Gaurishankar Gaunpalika,524 3 22 4 002,30101,4067,1686,991,1364,26
Dolakha,Jiri Municipality,524 3 22 3 002,30105,3854,1698,1480,670,6
Dolakha,Kalinchowk Gaunpalika,524 3 22 4 003,30103,5457,1279,1925,2239,14
Dolakha,Melung Gaunpalika,524 3 22 4 006,30107,4841,2250,1468,1105,18
Dolakha,Shailung Gaunpalika,524 3 22 4 005,30108,4958,2118,1479,1348,13
Dolakha,Tamakoshi Gaunpalika,524 3 22 4 007,30106,4345,1254,2267,819,5
Dolpa,Chharka Tangsong Gaunpalika,524 6 62 4 006,60108,282,278,3,0,1
Dolpa,Dolpo Buddha Gaunpalika,524 6 62 4 003,60101,468,447,8,9,4
Dolpa,Jagadulla Gaunpalika,524 6 62 4 002,60103,433,90,140,203,0
Dolpa,Kaike Gaunpalika,524 6 62 4 005,60107,780,740,22,17,1
Dolpa,Mudkechula Gaunpalika,524 6 62 4 004,60104,926,645,114,166,1
Dolpa,Shey Phoksundo Gaunpalika,524 6 62 4 001,60102,730,416,8,301,5
Dolpa,Thulibheri Municipality,524 6 62 3 002,60106,1903,442,1162,297,2
Dolpa,Tripurasundari Municipality,524 6 62 3 001,30210,1944,619,1036,282,7
Doti,Aadarsha Gaunpalika,524 7 70 4 001,70603,4747,3266,765,688,28
Doti,Badi Kedar Gaunpalika,524 7 70 4 006,70608,2719,1792,663,259,5
Doti,Bogatan Gaunpalika,524 7 70 4 007,70607,3130,2152,542,423,13
Doti,Dipayal Silgadhi Municipality,524 7 70 3 002,70605,7447,3793,2429,1199,26
Doti,Jorayal Gaunpalika,524 7 70 4 004,70609,3808,1674,1391,735,8
Doti,K.I. Singh Gaunpalika,524 7 70 4 005,70606,4259,3235,483,525,16
Doti,Purbichouki Gaunpalika,524 7 70 4 003,70601,4836,3413,767,621,35
Doti,Sayal Gaunpalika,524 7 70 4 002,70602,3772,1845,1203,701,23
Doti,Shikhar Municipality,524 7 70 3 001,70604,6665,2943,2288,1424,10
Gorkha,Aarughat Gaunpalika,524 4 36 4 006,40105,5614,2314,1543,1742,15
Gorkha,Ajirkot Gaunpalika,524 4 36 4 002,40102,3618,703,1625,1276,14
Gorkha,Bhimsen Gaunpalika,524 4 36 4 007,40106,5438,993,2778,1653,14
Gorkha,Chumanubri Gaunpalika,524 4 36 4 001,40101,1949,1284,211,436,18
Gorkha,Dharche Gaunpalika,524 4 36 4 004,40104,3128,1653,515,945,15
Gorkha,Gandaki Gaunpalika,524 4 36 4 009,40111,5253,1264,2072,1897,20
Gorkha,Gorkha Municipality,524 4 36 3 002,40109,13127,1284,8712,3073,58
Gorkha,Palungtar Municipality,524 4 36 3 001,40108,9924,2482,3511,3920,11
Gorkha,Shahid Lakhan Gaunpalika,524 4 36 4 008,40110,6682,1555,2830,2251,46
Gorkha,Siranchowk Gaunpalika,524 4 36 4 005,40107,5896,1603,2390,1881,22
Gorkha,Sulikot Gaunpalika,524 4 36 4 003,40103,5829,2781,1195,1834,19
Gulmi,Chandrakot Gaunpalika,524 5 51 4 006,50403,5121,1108,2517,1488,8
Gulmi,Chhatrakot Gaunpalika,524 5 51 4 007,50411,5315,1039,2798,1468,10
Gulmi,Dhurkot Gaunpalika,524 5 51 4 003,50408,5307,1080,2672,1549,6
Gulmi,Gulmi Durbar Gaunpaika,524 5 51 4 005,50410,5266,975,2450,1837,4
Gulmi,Isma Gaunpalika,524 5 51 4 004,50405,4716,1021,2394,1297,4
Gulmi,Kali Gandaki Gaunpalika,524 5 51 4 010,40911,4098,886,1910,1295,7
Gulmi,Madane Gaunpalika,524 5 51 4 001,50407,4857,1320,2642,877,18
Gulmi,Malika Gaunpalika,524 5 51 4 002,40404,4550,959,2555,1013,23
Gulmi,Musikot Municipality,524 5 51 3 001,50404,7075,1289,3177,2587,22
Gulmi,Resunga Municipality,524 5 51 3 002,50409,8353,637,5495,2194,27
Gulmi,Ruru Gaunpalika,524 5 51 4 008,50412,4703,727,2667,1297,12
Gulmi,Satyawoti Gaunpalika,524 5 51 4 009,50402,5526,872,3331,1312,11
Humla,Adanchuli Gaunpalika,524 6 66 4 007,60306,1121,578,402,141,0
Humla,Chankheli Gaunpalika,524 6 66 4 005,60301,963,389,82,492,0
Humla,Kharpunath Gaunpalika,524 6 66 4 003,60302,1132,569,351,211,1
Humla,Namkha Gaunpalika,524 6 66 4 001,60304,835,465,84,286,0
Humla,Sarkegad Gaunpalika,524 6 66 4 004,60305,1794,937,437,419,1
Humla,Simkot Gaunpalika,524 6 66 4 002,60303,2566,1222,942,394,8
Humla,Tanjakot Gaunpalika,524 6 66 4 006,60307,1026,539,286,201,0
Ilam,Chulachuli Gaunpalika,524 1 03 4 004,11007,4649,1398,819,2413,19
Ilam,Deumai Municipality,524 1 03 3 001,11004,7123,376,2602,4113,32
Ilam,Fakfokathum Gaunpalika,524 1 03 4 001,11005,4634,167,1031,3414,22
Ilam,Illam Municipality,524 1 03 3 002,11003,11383,673,5736,4880,94
Ilam,Mai Jogmai Gaunpalika,524 1 03 4 003,11001,4677,139,1525,2997,16
Ilam,Mai Municipality,524 1 03 3 004,11008,7077,1874,1106,4065,32
Ilam,Mangsebung Gaunpalika,524 1 03 4 005,11006,3729,579,608,2501,41
Ilam,Rong Gaunpalika,524 1 03 4 006,11010,4351,400,1250,2676,25
Ilam,Sandakpur Gaunpalika,524 1 03 4 002,11002,3643,95,1097,2442,9
Ilam,Suryodaya Municipality,524 1 03 3 003,11009,13211,428,6031,6699,53
Jajarkot,Barekot Gaunpalika,524 6 60 4 003,60701,3093,2063,603,416,11
Jajarkot,Bheri Malika Municipality,524 6 60 3 002,60706,6590,3884,634,2053,19
Jajarkot,Chhedagad Municipality,524 6 60 3 001,60704,6144,2654,1267,2200,23
Jajarkot,Junichande Gaunpalika,524 6 60 4 001,60703,3774,1929,1104,716,25
Jajarkot,Kuse Gaunpalika,524 6 60 4 002,60702,3590,2368,254,947,21
Jajarkot,Shivalaya Gaunpalika,524 6 60 4 004,60705,2556,1397,768,385,6
Jajarkot,Tribeni Nalagad Municipality,524 6 60 3 003,60707,4721,2814,685,1210,12
Jhapa,Arjundhara Municipality,524 1 04 3 004,11103,13623,2052,6594,4948,29
Jhapa,Barhadashi Gaunpalika,524 1 04 4 005,11111,7398,3636,1996,1741,25
Jhapa,Bhadrapur Municipality,524 1 04 3 008,11114,15270,3375,7930,3886,79
Jhapa,Birtamod Municipality,524 1 04 3 007,11112,19118,2716,12106,4219,77
Jhapa,Buddhashanti Gaunpalika,524 1 04 4 002,11102,9498,998,4661,3689,150
Jhapa,Damak Municipality,524 1 04 3 001,11107,18104,1721,10470,5794,119
Jhapa,Gauradaha Municipality,524 1 04 3 006,11108,12070,3434,4303,4300,33
Jhapa,Gauriganj Gaunpalika,524 1 04 4 003,11109,7140,4905,1261,954,20
Jhapa,Haldibari Gaunpalika,524 1 04 4 006,11113,6415,1818,2181,2402,14
Jhapa,Jhapa Gaunpalika,524 1 04 4 004,11110,7098,4650,1330,1093,25
Jhapa,Kachanakawal Gaunpalika,524 1 04 4 007,11115,8742,5913,1533,1281,15
Jhapa,Kamal Gaunpalika,524 1 04 4 001,11106,10256,1752,4484,3992,28
Jhapa,Kankai Municipality,524 1 04 3 003,11104,9426,1863,4746,2798,19
Jhapa,Mechinagar Municipality,524 1 04 3 005,11101,25531,5105,12458,7886,82
Jhapa,Shivasatakshi Municipality,524 1 04 3 002,11105,14695,3641,5280,5710,64
Jumla,Chandannath Municipality,524 6 63 3 001,60404,3996,742,1363,1852,39
Jumla,Guthichaur Gaunpalika,524 6 63 4 007,60405,1848,699,226,914,9
Jumla,Hima Gaunpalika,524 6 63 4 004,60408,1713,618,713,369,13
Jumla,Kanaka Sundari Gaun Palika,524 6 63 4 001,60402,2247,958,337,939,13
Jumla,Patarasi Gaunpalika,524 6 63 4 003,60401,2537,468,861,1186,22
Jumla,Sinja Gaunpalika,524 6 63 4 002,60403,1996,1044,608,334,10
Jumla,Tatopani Gaunpalika,524 6 63 4 006,60406,2704,1028,917,749,10
Jumla,Tila Gaunpalika,524 6 63 4 005,60407,2250,360,1432,449,9
Kailali,Bardagoriya Gaunpalika,524 7 71 4 005,70806,5703,3164,2099,417,23
Kailali,Bhajani Municipality,524 7 71 3 004,70811,8717,5292,1750,1628,47
Kailali,Chure Gaunpalika,524 7 71 4 001,70802,3362,1982,814,546,20
Kailali,Dhangadhi Sub-Metropolitian City,524 7 71 2 001,70813,29143,8457,14715,5821,150
Kailali,Gauriganga Municipality,524 7 71 3 002,70804,10072,6784,1964,1275,49
Kailali,Ghodaghodi Municipality,524 7 71 3 003,70805,13174,8172,2887,2038,77
Kailali,Godawari Municipality,524 7 71 3 001,30803,14915,6738,4913,3161,103
Kailali,Janaki Gaunpalika,524 7 71 4 006,51105,9051,5648,2168,1196,39
Kailali,Joshipur Gaunpalika,524 7 71 4 004,70809,6392,4094,1927,338,33
Kailali,Kailari Gaunpalika,524 7 71 4 002,70812,7802,5569,1619,561,53
Kailali,Lamki Chuha Municipality,524 7 71 3 006,70807,14757,8388,4354,1934,81
Kailali,Mohanyal Gaunpalika,524 7 71 4 003,70801,3969,2710,729,506,24
Kailali,Tikapur Municipality,524 7 71 3 005,70810,15356,5323,5768,4177,88
Kalikot,Kalika Gaunpalika,524 6 64 4 005,30304,2458,1086,284,1079,9
Kalikot,Khandachakra Municipality,524 6 64 3 002,60506,3612,1378,800,1404,30
Kalikot,Mahawai Gaunpalika,524 6 64 4 006,60508,1447,469,41,929,8
Kalikot,Naraharinath Gaunpalika,524 6 64 4 001,60505,3585,415,1765,1386,19
Kalikot,Pachal Jharana Gaunpalika,524 6 64 4 003,60502,2002,97,728,1153,24
Kalikot,Palata Gaunpalika,524 6 64 4 004,60501,2421,1875,132,403,11
Kalikot,Raskot Municipality,524 6 64 3 001,60503,2685,1698,224,748,15
Kalikot,Sanni Tribeni Gaunpalika,524 6 64 4 002,60504,2105,1422,360,319,4
Kalikot,Tilagupha Municipality,524 6 64 3 003,60507,2693,1487,302,887,17
Kanchanpur,Bedkot Municipality,524 7 72 3 003,70903,9219,5155,2764,1268,32
Kanchanpur,Beldandi Gaunpalika,524 7 72 3 006,70908,3760,2033,807,895,25
Kanchanpur,Belouri Municipality,524 7 72 4 001,70909,8657,3079,3196,2298,84
Kanchanpur,Bhimdatta Municipality,524 7 72 3 002,70904,20684,6697,12129,1640,218
Kanchanpur,Krishnapur Municipality,524 7 72 3 005,70901,10016,5641,2232,2098,45
Kanchanpur,Laljhadi Gaunpalika,524 7 72 4 002,70906,3640,2394,490,729,27
Kanchanpur,Mahakali Municipality,524 7 72 3 001,70303,7392,1984,1716,3644,48
Kanchanpur,Punarbas Municipality,524 7 72 3 007,70907,9909,4436,2650,2740,83
Kanchanpur,Shuklaphanta Municipality,524 7 72 3 004,70902,8857,5343,2285,1198,31
Kapilbastu,Banganga Municipality,524 5 49 3 003,50901,15965,4241,8612,3028,84
Kapilbastu,Bijayanagar Gaunpalika,524 5 49 4 001,50904,5670,4762,352,512,44
Kapilbastu,Buddhabhumi Municipality,524 5 49 3 002,50902,11521,6709,4270,491,51
Kapilbastu,Kapilbastu Municipality,524 5 49 3 006,50907,12094,8463,2702,825,104
Kapilbastu,Krishnanagar Municipality,524 5 49 3 004,50905,8521,6781,1154,441,145
Kapilbastu,Maharajganj Municipality,524 5 49 3 005,50906,7977,7346,500,104,27
Kapilbastu,Mayadevi Gaunpalika,524 5 49 4 003,50812,6507,5733,619,81,74
Kapilbastu,Shivaraj Municipality,524 5 49 3 001,50903,11250,7993,2757,458,42
Kapilbastu,Shuddhodhan Gaunpalika,524 5 49 4 004,50806,6346,5638,273,301,134
Kapilbastu,Yasodhara Gaunpalika,524 5 49 4 002,50908,5413,4801,364,179,69
Kaski,Annapurna Gaunpalika,524 4 39 4 001,40401,6029,139,5188,680,22
Kaski,Machhapuchchhre Gaunpalika,524 4 39 4 002,40502,5512,99,4948,437,28
Kaski,Madi Gaunpalika,524 4 39 4 003,10209,4508,85,4186,225,12
Kaski,Pokhara Lekhnath Metropolitian City,524 4 39 1 001,40504,105630,698,98061,6475,396
Kaski,Rupa Gaunpalika,524 4 39 4 004,40505,3780,40,3618,117,5
Kathmandu,Budhanilkhantha Municipality,524 3 27 3 003,30604,26485,220,22050,4055,160
Kathmandu,Chandragiri Municipality,524 3 27 3 008,30610,20532,436,16840,3092,164
Kathmandu,Dakshinkali Municipality,524 3 27 3 010,30611,5488,820,3643,987,38
Kathmandu,Gokarneshwor Municipality,524 3 27 3 004,30603,27106,368,22975,3465,298
Kathmandu,Kageshwori Manahara Municipality,524 3 27 3 006,30602,14329,327,9627,4273,102
Kathmandu,Kathmandu Metropolitian City,524 3 27 1 001,30601,254292,545,234299,17274,2174
Kathmandu,Kirtipur Municipality,524 3 27 3 009,30609,19441,92,17758,1468,123
Kathmandu,Nagarjun Municipality,524 3 27 3 005,30607,16746,229,14515,1890,112
Kathmandu,Shankharapur Municipality,524 3 27 3 007,30601,5406,1328,2907,1138,33
Kathmandu,Tarakeshwor Municipality,524 3 27 3 001,30507,20158,469,17758,1805,126
Kathmandu,Tokha Municipality,524 3 27 3 002,30605,25561,200,23370,1854,137
Kavrepalanchok,Banepa Municipality,524 3 24 3 002,30904,12106,802,9452,1708,144
Kavrepalanchok,Bethanchowk Gaunpalika,524 3 24 4 003,30910,3601,1326,1670,595,10
Kavrepalanchok,Bhumlu Gaunpalika,524 3 24 4 001,30902,4513,1796,1648,1034,35
Kavrepalanchok,Chauri Deurali Gaunpalika,524 3 24 4 002,30901,4664,2001,1946,695,22
Kavrepalanchok,Dhulikhel Municipality,524 3 24 3 003,30905,7061,1307,4521,993,240
Kavrepalanchok,Khanikhola Gaunpalika,524 3 24 4 006,30913,2372,1275,1053,36,8
Kavrepalanchok,Mahabharat Gaunpalika,524 3 24 4 007,30912,2910,972,1746,171,21
Kavrepalanchok,Mandan Deupur Municipality,524 3 24 3 001,30903,7328,2448,3708,1143,29
Kavrepalanchok,Namobuddha Municipality,524 3 24 3 006,30908,6584,2431,2638,1478,37
Kavrepalanchok,Panauti Municipality,524 3 24 3 005,30909,10196,1186,7268,1673,69
Kavrepalanchok,Panchkhal Municipality,524 3 24 3 004,30906,8544,2308,5154,1041,41
Kavrepalanchok,Roshi Gaunpalika,524 3 24 4 004,30911,5896,3208,1954,709,25
Kavrepalanchok,Temal Gaunpalika,524 3 24 4 005,30907,4876,648,3943,263,22
Khotang,Aiselukharka Gaunpalika,524 1 12 4 001,10502,3491,893,571,2019,8
Khotang,Baraha Pokhari Gaunpalika,524 1 12 4 007,10510,2702,1814,223,639,26
Khotang,Diprung Gaunpalika,524 1 12 4 004,10507,4140,1373,381,2365,21
Khotang,Halesi Tuwachung Municipality,524 1 12 3 001,10504,5838,3258,437,2117,26
Khotang,Jante Dhunga Gaunpalika,524 1 12 4 008,10509,3175,1998,141,1015,21
Khotang,Kepilasgadhi Gaunpalika,524 1 12 4 002,10501,3347,986,140,2206,15
Khotang,Khotehang Gaunpalika,524 1 12 4 006,10508,4703,2227,429,2033,14
Khotang,Lamidanda Gaunpalika,524 1 12 4 003,10503,2793,904,451,1430,8
Khotang,Rupakot Majhuwagadhi Municipality,524 1 12 3 002,10505,10050,1927,2730,5333,60
Khotang,Sakela Gaunpalika,524 1 12 4 005,10506,2408,250,880,1265,13
Lalitpur,Bagmati Gaunpalika,524 3 25 4 001,20503,2614,1244,715,644,11
Lalitpur,Godawari Municipality,524 3 25 3 001,30803,17762,1560,12016,4002,184
Lalitpur,Konjyosom Gaunpalika,524 3 25 4 002,30804,2001,912,672,404,13
Lalitpur,Lalitpur Metropolitian City,524 3 25 1 001,30801,70256,338,64825,4539,554
Lalitpur,Mahalaxmi Municipality,524 3 25 3 002,10701,14930,100,12225,2287,318
Lalitpur,Mahankal Gaunpalika,524 3 25 4 003,30805,1942,581,1084,263,14
Lamjung,Bensi Shahar Municipality,524 4 37 3 002,40605,10422,630,8140,1612,40
Lamjung,Dordi Gaunpalika,524 4 37 4 003,40601,4337,2006,1625,700,6
Lamjung,Dudhapokhari Gaunpalika,524 4 37 4 004,40608,2590,1111,935,542,2
Lamjung,Kwhola Sothar Gaunpalika,524 4 37 4 001,40603,2452,873,1097,472,10
Lamjung,Madhya Nepal Municipality,524 4 37 3 001,40604,5888,853,2892,2126,17
Lamjung,Marshyangdi Gaunpalika,524 4 37 4 002,40602,4409,1301,1947,1151,10
Lamjung,Rainas Municipality,524 4 37 3 004,40607,4751,975,2562,1192,22
Lamjung,Sundarbazar Municipality,524 4 37 3 003,40606,7199,292,5609,1259,39
Mahottari,Aurahi Municipality,524 2 18 3 003,20216,5822,4869,635,293,25
Mahottari,Balawa Municipality,524 2 18 3 007,20407,7661,6137,737,761,26
Mahottari,Bardibas Municipality,524 2 18 3 001,20401,13113,7327,2877,2862,47
Mahottari,Bhangaha Municipality,524 2 18 3 004,20405,8560,7136,640,739,45
Mahottari,Ekadara Gaunpalika,524 2 18 4 003,20411,4809,3723,581,492,13
Mahottari,Gaushala Municipality,524 2 18 3 002,20402,11893,9595,1451,785,62
Mahottari,Jaleshwor Municipality,524 2 18 3 009,20415,10034,5570,2738,1607,119
Mahottari,Loharpatti Municipality,524 2 18 3 008,20406,7317,5034,1446,807,30
Mahottari,Mahottari Gaunpalika,524 2 18 4 004,20412,4861,3541,680,636,4
Mahottari,Manara Shisawa Municipality,524 2 18 3 006,20410,8532,6017,1603,835,77
Mahottari,Matihani Municipality,524 2 18 3 010,20414,5226,3731,904,564,27
Mahottari,Pipara Gaunpalika,524 2 18 4 005,20413,6490,3389,1321,1746,34
Mahottari,Ram Gopalpur Municipality,524 2 18 3 005,20408,5257,4576,467,181,33
Mahottari,Samsi Gaunpalika,524 2 18 4 002,20409,5382,4446,532,372,32
Mahottari,Sonama Gaunpalika,524 2 18 4 001,20403,6341,5597,539,143,62
Makwanpur,Bagmati Gaunpalika,524 3 31 4 008,20503,5731,4352,664,705,10
Makwanpur,Bakaiya Gaunpalika,524 3 31 4 007,31209,7538,5743,1279,509,7
Makwanpur,Bhimphedi Gaunpalika,524 3 31 4 004,31207,4810,1654,2255,888,13
Makwanpur,Hetauda Sub-Metropolitian City,524 3 31 2 001,31206,34270,5048,22969,6133,120
Makwanpur,Indrasarowar Gaunpalika,524 3 31 4 005,31201,3054,967,1783,296,8
Makwanpur,Kailash Gaunpalika,524 3 31 4 003,31203,4263,3530,363,355,15
Makwanpur,Makawanpurgadhi Gaunpalika,524 3 31 4 006,31208,5003,2154,1982,845,22
Makwanpur,Manahari Gaunpalika,524 3 31 4 001,31205,7891,3963,2351,1569,8
Makwanpur,Raksirang Gaunpalika,524 3 31 4 002,31204,4557,3591,283,679,4
Makwanpur,Thaha Municipality,524 3 31 3 001,31202,8928,3707,3908,1296,17
Manang,Chame Gaunpalika,524 4 38 4 003,40203,279,57,172,50,0
Manang,Naraphu Gaunpalika,524 4 38 4 002,40201,122,108,11,3,0
Manang,Nashong Gaunpalika,524 4 38 4 004,40204,454,89,267,94,4
Manang,Neshang Gaunpalika,524 4 38 4 001,40202,593,247,240,105,1
Morang,Belbari Municipality,524 1 05 3 003,11205,15338,4808,5947,4513,70
Morang,Biratnagar Metropolitian City,524 1 05 1 001,11214,47798,6831,32932,7675,360
Morang,Budhiganga Gaunpalika,524 1 05 4 004,11213,9621,4897,2766,1924,34
Morang,Dhanapalthan Gaunpalika,524 1 05 4 008,11216,7957,5642,1591,700,24
Morang,Gramthan Gaunpalika,524 1 05 4 005,11212,7920,5192,1613,1087,28
Morang,Jahada Gaunpalika,524 1 05 4 007,11217,8175,7446,397,319,13
Morang,Kanepokhari Gaunpalika,524 1 05 4 003,11206,8683,2673,3517,2466,27
Morang,Katahari Gaunpalika,524 1 05 4 006,11215,8009,5779,1264,948,18
Morang,Kerabari Gaunpalika,524 1 05 4 001,11203,6991,1708,2809,2456,18
Morang,Letang Municipality,524 1 05 3 001,11202,7339,1354,3374,2590,21
Morang,Miklajung Gaunpalika,524 1 05 4 002,10908,6417,1716,2372,2317,12
Morang,Pathari Shanishchare Municipality,524 1 05 3 004,11207,13956,2347,7229,4321,59
Morang,Rangeli Municipality,524 1 05 3 006,11211,11249,6656,3037,1535,21
Morang,Ratuwamai Municipality,524 1 05 3 008,11209,12482,6656,2871,2936,19
Morang,Sundarharaicha Municipality,524 1 05 3 002,11204,18610,4545,6327,7632,106
Morang,Sunwarshi Municipality,524 1 05 3 007,11210,10795,7819,2003,937,36
Morang,Urlabari Municipality,524 1 05 3 005,11208,12530,1409,7561,3551,9
Mugu,Chhayanath Rara Municipality,524 6 65 3 001,60202,3641,1098,137,2373,33
Mugu,Khatyad Gaunpalika,524 6 65 4 001,60204,2821,2034,280,465,42
Mugu,Mugumakarmarog Gaunpalika,524 6 65 4 003,60201,1029,651,167,207,4
Mugu,Soru Gaunpalika,524 6 65 4 002,60203,2109,1172,755,153,29
Mustang,Bahragaun Muktikshetra Gaunpalika,524 4 45 4 003,40303,725,341,228,155,1
Mustang,Dalome Gaunpalika,524 4 45 4 002,40301,404,185,31,185,3
Mustang,Gharpajhong Gaunpalika,524 4 45 4 004,40302,874,198,640,31,5
Mustang,Lomanthang Gaunpalika,524 4 45 4 001,40304,532,239,9,282,2
Mustang,Thasang Gaunpalika,524 4 45 4 005,40305,770,248,474,43,5
Myagdi,Annapurna Gaunpalika,524 4 44 4 003,40401,3700,380,1943,1355,22
Myagdi,Beni Municipality,524 4 44 3 001,40406,8652,1040,6223,1378,11
Myagdi,Dhawalagiri Gaunpalika,524 4 44 4 001,40403,3229,1400,729,1090,10
Myagdi,Malika Gaunpalika,524 4 44 4 004,40404,4223,1053,1650,1504,16
Myagdi,Mangala Gaunpalika,524 4 44 4 005,40405,3825,221,1932,1670,2
Myagdi,Raghuganga Gaunpalika,524 4 44 4 002,40402,4098,1055,2033,1004,6
Nawalparasi,Bardaghat Municipality,524 5 76 3 002,50701,13415,3782,5812,3758,63
Nawalparasi,Binayi Tribeni Gaunpalika,524 4 47 4 004,40808,6916,2329,3269,1287,31
Nawalparasi,Bulingtar Gaunpalika,524 4 47 4 002,40802,3487,1760,1297,422,8
Nawalparasi,Bungdikali Gaunpalika,524 4 47 4 001,40803,2998,1685,786,521,6
Nawalparasi,Devchuli Municipality,524 4 47 3 003,40805,9256,612,6744,1846,54
Nawalparasi,Gaidakot Municipality,524 4 47 3 004,40801,13623,1069,9761,2724,69
Nawalparasi,Hupsekot Gaunpalika,524 4 47 4 003,40804,4588,1414,2487,645,42
Nawalparasi,Kawasoti Municipality,524 4 47 3 002,40806,14104,2224,9934,1870,76
Nawalparasi,Madhya Bindu Municipality,524 4 47 3 001,40807,11943,3484,6405,2003,51
Nawalparasi,Palhinandan Gaunpalika,524 5 76 4 001,50704,5881,4930,670,255,26
Nawalparasi,Pratapapur Gaunpalika,524 5 76 4 003,50706,7386,5697,1270,355,64
Nawalparasi,Ramgram Municipality,524 5 76 3 003,50703,10282,7585,2284,345,68
Nawalparasi,Sarawal Gaunpalika,524 5 76 4 002,50705,6633,4567,1452,552,62
Nawalparasi,Sunawal Municipality,524 5 76 3 001,50702,12018,3374,6934,1619,91
Nawalparasi,Susta Gaunpalika,524 5 76 4 004,50707,6230,4422,873,896,39
Nuwakot,Belkotgadhi Municipality,524 3 28 3 002,30508,8099,3434,2924,1669,72
Nuwakot,Bidur Municipality,524 3 28 3 001,30504,12505,2436,8126,1850,93
Nuwakot,Dupcheshwor Gaunpalika,524 3 28 4 008,30501,4451,2517,675,1216,43
Nuwakot,Kakani Gaunpalika,524 3 28 4 009,30512,5183,2793,1376,941,73
Nuwakot,Kispang Gaunpalika,524 3 28 4 002,30505,3340,1697,1026,582,35
Nuwakot,Likhu Gaunpalika,524 3 28 4 006,10405,3629,903,1790,915,21
Nuwakot,Meghang Gaunpalika,524 3 28 4 001,30506,3388,1583,932,850,23
Nuwakot,Panchakanya Gaunpalika,524 3 28 4 007,30510,3321,1205,1349,741,26
Nuwakot,Shivapuri Gaunpalika,524 3 28 4 010,30511,4676,2526,896,1217,37
Nuwakot,Suryagadhi Gaunpalika,524 3 28 4 004,30503,3509,1649,1012,818,30
Nuwakot,Tadi Gaunpalika,524 3 28 4 005,30502,3582,2029,965,570,18
Nuwakot,Tarakeshwor Gaunpalika,524 3 28 4 003,30507,3511,1301,1279,898,33
Okhaldhunga,Champadevi Gaunpalika,524 1 13 4 004,10406,3796,1662,454,1655,25
Okhaldhunga,Chishankhu Gadhi Gaunpalika,524 1 13 4 006,10401,3334,732,136,2437,29
Okhaldhunga,Khiji Demba Gaunpalika,524 1 13 4 001,10404,3111,866,727,1508,10
Okhaldhunga,Likhu Gaunpalika,524 1 13 4 002,10405,2957,784,794,1369,10
Okhaldhunga,Manebhanjyang Gaunpalika,524 1 13 4 007,10408,4618,1589,1279,1728,22
Okhaldhunga,Molung Gaunpalika,524 1 13 4 003,10403,3669,897,415,2345,12
Okhaldhunga,Siddhicharan Municipality,524 1 13 3 001,10402,6994,1221,1687,3991,95
Okhaldhunga,Sunkoshi Gaunpalika,524 1 13 4 005,10407,3987,1744,437,1782,24
Palpa,Baganaskali Gaunpalika,524 5 46 4 005,50604,5270,636,3603,1023,8
Palpa,Mathagadhi Gaunpalika,524 5 46 4 004,50609,5066,1223,1819,2018,6
Palpa,Nisdi Gaunpalika,524 5 46 4 008,50610,3891,2117,1258,497,19
Palpa,Purbakhola Gaunpalika,524 5 46 4 006,50602,4085,1590,1273,1214,8
Palpa,Rainadevi Chhahara Gaunpalika,524 5 46 4 001,50607,6009,1747,2888,1349,25
Palpa,Rambha Gaunpalika,524 5 46 4 007,50603,4626,956,2042,1624,4
Palpa,Rampur Municipality,524 5 46 3 002,50601,8132,2375,3621,2102,34
Palpa,Ribdikot Gaunpalika,524 5 46 4 003,50606,4647,756,3023,855,13
Palpa,Tansen Municipality,524 5 46 3 001,50605,13646,964,11460,1175,47
Palpa,Tinau Gaunpalika,524 5 46 4 002,50608,3888,1686,1590,597,15
Panchthar,Falelung Gaunpalika,524 1 02 4 003,10903,4552,296,666,3561,29
Panchthar,Falgunanda Gaunpalika,524 1 02 4 005,10905,5162,448,1108,3592,14
Panchthar,Hilihan Gaunpalika,524 1 02 4 001,10902,4792,718,1270,2783,21
Panchthar,Kummayak Gaunpalika,524 1 02 4 004,10906,3500,728,409,2345,18
Panchthar,Miklajung Gaunpalika,524 1 02 4 007,10908,5550,573,1089,3877,11
Panchthar,Phidim Municipality,524 1 02 3 001,10904,10994,810,3229,6924,31
Panchthar,Tumbewa Gaunpalika,524 1 02 4 006,10907,2815,927,215,1669,4
Panchthar,Yangbarak Gaunpalika,524 1 02 4 002,10107,3811,344,1410,2048,9
Parbat,Bihadi Gaunpalika,524 4 42 4 003,41006,2941,345,1550,1032,14
Parbat,Jaljala Gaunpalika,524 4 42 4 001,41002,5561,409,4068,1067,17
Parbat,Kushma Municipality,524 4 42 3 001,41003,10311,858,6740,2692,21
Parbat,Mahashila Gaunpalika,524 4 42 4 004,41005,2229,109,1672,447,1
Parbat,Modi Gaunpalika,524 4 42 4 002,41001,5479,486,3712,1259,22
Parbat,Paiyu Gaunpalika,524 4 42 4 005,41007,3294,439,1624,1228,3
Parbat,Phalebas Municipality,524 4 42 3 002,41004,5883,815,3904,1153,11
Parsa,Bahudarmai Municipality,524 2 34 3 002,20808,5681,4663,520,425,73
Parsa,Bindabasini Gaunpalika,524 2 34 4 010,20814,3576,2870,408,265,33
Parsa,Birgunj Metropolitian City,524 2 34 1 001,20807,39286,14308,19779,4683,516
Parsa,Chhipaharmai Gaunpalika,524 2 34 4 007,20812,3983,3364,365,197,57
Parsa,Dhobini Gaunpalika,524 2 34 4 006,20811,2975,2687,178,84,26
Parsa,Jagarnathpur Gaunpalika,524 2 34 4 005,20803,4953,4550,185,140,78
Parsa,Jirabhawani Gaunpalika,524 2 34 4 002,20802,4117,3824,159,102,32
Parsa,Kalikamai Gaunpalika,524 2 34 4 008,20810,3042,2336,360,292,54
Parsa,Pakaha Mainpur Gaunpalika,524 2 34 4 009,20813,3038,2445,317,198,78
Parsa,Parsagadhi Municipality,524 2 34 3 003,20806,6412,5509,421,437,45
Parsa,Paterwa Sugauli Gaunpalika,524 2 34 4 003,20804,4002,3599,165,208,30
Parsa,Pokhariya Municipality,524 2 34 3 001,20809,4875,4325,393,130,27
Parsa,Sakhuwa Prasauni Gaunpalika,524 2 34 4 004,20805,5329,4786,210,285,48
Parsa,Thori Gaunpalika,524 2 34 4 001,20801,4247,2810,861,558,18
Pyuthan,Aairawati Gaunpalika,524 5 55 4 007,50308,4650,995,1973,1678,4
Pyuthan,Gaumukhi Gaunpalika,524 5 55 4 002,50301,4785,995,2149,1623,18
Pyuthan,Jhimaruk Gaunpalika,524 5 55 4 003,50303,5868,1783,2437,1641,7
Pyuthan,Mallarani Gaunpalika,524 5 55 4 005,50307,4120,554,2568,989,9
Pyuthan,Mandavi Gaunpalika,524 5 55 4 004,50306,3068,1677,898,474,19
Pyuthan,Naubahini Gaunpalika,524 5 55 4 001,50302,5809,1629,2006,2161,13
Pyuthan,Pyuthan Municipality,524 5 55 3 002,50304,8964,2334,4840,1749,41
Pyuthan,Sarumarani Gaunpalika,524 5 55 4 006,50309,3484,1231,767,1477,9
Pyuthan,Sworgadwari Municipality,524 5 55 3 001,50305,6968,2566,2451,1931,20
Ramechhap,Doramba Gaunpalika,524 3 21 4 002,31007,4993,2901,1196,840,56
Ramechhap,Gokulganga Gaunpalika,524 3 21 4 003,31002,4446,1470,2159,784,33
Ramechhap,Khandadevi Gaunpalika,524 3 21 4 005,31006,5372,2413,2088,765,106
Ramechhap,Likhu Gaunpalika,524 3 21 4 006,10405,4928,1436,2454,983,55
Ramechhap,Manthali  Municipality,524 3 21 3 001,31005,10099,2839,4009,3151,100
Ramechhap,Ramechhap Municipality,524 3 21 3 002,31004,6126,2137,2266,1701,22
Ramechhap,Sunapati Gaunpalika,524 3 21 4 001,31008,4050,1786,1502,738,24
Ramechhap,Umakunda Gaunpalika,524 3 21 4 004,31001,3869,1065,1575,1204,25
Rasuwa,Gosaikunda Gaunpalika,524 3 29 4 002,30301,2017,714,877,421,5
Rasuwa,Kalika Gaunpalika,524 3 29 4 004,30304,2089,442,1047,586,14
Rasuwa,Naukunda Gaunpalika,524 3 29 4 005,30305,2483,1534,551,389,9
Rasuwa,Parbatikunda Gaunpalika,524 3 29 4 001,30302,1306,861,244,199,2
Rasuwa,Uttargaya Gaunpalika,524 3 29 4 003,30303,1846,668,887,286,5
Rautahat,Boudhimai Municipality,524 2 32 3 010,20611,4807,3941,503,306,57
Rautahat,Brindaban Municipality,524 2 32 3 005,20605,6374,5724,243,293,114
Rautahat,Chandrapur Municipality,524 2 32 3 002,20601,13445,6045,2945,4312,143
Rautahat,Dewahi Gonahi Municipality,524 2 32 3 007,20609,4691,3992,240,395,64
Rautahat,Durga Bhagawati Gaunpalika,524 2 32 4 002,20615,3812,2681,539,563,29
Rautahat,Gadhimai Municipality,524 2 32 3 009,20606,6069,4762,437,751,119
Rautahat,Garuda Municipality,524 2 32 3 008,20608,7444,5429,708,1215,92
Rautahat,Gaur Municipality,524 2 32 3 015,20617,5635,2753,2027,750,105
Rautahat,Gujara Municipality,524 2 32 3 001,20602,7391,6044,677,483,187
Rautahat,Ishanath Municipality,524 2 32 3 013,20618,5834,4832,543,340,119
Rautahat,Katahariya Municipality,524 2 32 3 004,20604,5919,5339,328,171,81
Rautahat,Madhav Narayan Municipality,524 2 32 3 011,20607,5479,4215,244,964,56
Rautahat,Maulapur Municipality,524 2 32 3 006,20610,3830,3512,97,131,90
Rautahat,Paroha Municipality,524 2 32 3 012,20612,5380,4242,438,557,143
Rautahat,Phatuwa Bijayapur Municipality,524 2 32 3 003,20603,5633,4970,335,264,64
Rautahat,Rajdevi Municipality,524 2 32 3 016,20616,5365,4080,489,712,84
Rautahat,Rajpur Municipality,524 2 32 3 014,20613,5768,4907,478,308,75
Rautahat,Yamunamai Gaunpalika,524 2 32 4 001,20614,3776,3017,349,379,31
Rolpa,Duikholi Gaunpalika,524 5 54 4 002,50203,4018,3180,440,386,12
Rolpa,Lungri Gaunpalika,524 5 54 4 008,50210,4402,3705,338,343,16
Rolpa,Madi Gaunpalika,524 5 54 4 004,10209,3658,3117,331,193,17
Rolpa,Rolpa Municipality,524 5 54 3 001,50207,7133,3892,2394,796,51
Rolpa,Runtigadhi Gaunpalika,524 5 54 4 009,50208,5684,5221,274,175,14
Rolpa,Subarnabati Gaunpalika,524 5 54 4 001,50204,5657,4204,959,473,21
Rolpa,Sukidaha Gaunpalika,524 5 54 4 005,50201,3455,2811,504,127,13
Rolpa,Sunchhahari Gaunpalika,524 5 54 4 007,50209,3016,2455,305,245,11
Rolpa,Thawang Gaunpalika,524 5 54 4 003,50202,2172,1863,177,121,11
Rolpa,Tribeni Gaunpalika,524 5 54 4 006,50206,4540,3819,608,94,19
Rukum,Aathabisakot Municipality,524 6 52 3 001,60605,6421,4291,179,1921,30
Rukum,Banphikot Gaunpalika,524 6 52 4 002,60803,3747,2391,322,1020,14
Rukum,Bhoome Gaunpalika,524 5 77 4 003,50103,3835,3319,135,366,15
Rukum,Chaurjahari Municipality,524 6 52 3 002,60806,5422,3758,912,731,21
Rukum,Musikot Municipality,524 6 52 3 003,50404,7307,2657,2400,2245,5
Rukum,Putha Uttanganga Gaunpalika,524 5 77 4 002,50101,3861,3465,85,303,8
Rukum,Sanibheri Gaunpalika,524 6 52 4 001,60802,4129,3132,487,495,15
Rukum,Sisne Gaunpalika,524 5 77 4 001,50102,3506,1767,684,1051,4
Rukum,Tribeni Gaunpalika,524 6 52 4 003,50206,3609,2569,217,817,6
Rupandehi,Butwal Sub-Metropolitian City,524 5 48 2 001,50802,34097,2665,25370,5666,396
Rupandehi,Devdaha Municipality,524 5 48 3 002,50801,11410,3593,3881,3852,84
Rupandehi,Gaidahawa Gaunpalika,524 5 48 4 003,50805,7285,6391,541,287,66
Rupandehi,Kanchan Gaunpalika,524 5 48 4 001,50804,7084,2374,4145,550,15
Rupandehi,Kotahimai Gaunpalika,524 5 48 4 008,50814,5593,5264,182,101,46
Rupandehi,Lumbini Sanskritik Municipality,524 5 48 3 004,50813,9946,7838,995,1002,111
Rupandehi,Marchawari Gaunpalika,524 5 48 4 010,50816,5263,5002,129,54,78
Rupandehi,Mayadevi Gaunpalika,524 5 48 4 005,50812,6810,5886,604,272,48
Rupandehi,Om Satiya Gaunpalika,524 5 48 4 006,50809,5787,3567,1783,413,24
Rupandehi,Rohini Gaunpalika,524 5 48 4 007,50810,5657,4967,451,199,40
Rupandehi,Sainamaina Municipality,524 5 48 3 001,50803,12392,3061,7130,2179,22
Rupandehi,Sammarimai Gaunpalika,524 5 48 4 009,50815,5120,4736,209,103,72
Rupandehi,Siddharthanagar Municipality,524 5 48 3 005,50811,12497,2169,9160,1050,118
Rupandehi,Siyari Gaunpalika,524 5 48 4 004,50807,6792,3794,2119,850,29
Rupandehi,Suddhodhan Gaunpalika,524 5 48 4 002,50806,6145,3415,1561,1147,22
Rupandehi,Tilottama Municipality,524 5 48 3 003,50808,21957,3230,13828,4802,97
Salyan,Bagachour Municipality,524 6 53 3 002,60905,5906,3803,1469,608,26
Salyan,Banagad Kupinde Municipality,524 6 53 3 001,60903,6763,5704,424,604,31
Salyan,Chhatreshwori Gaunpalika,524 6 53 4 005,60906,4408,2723,1080,590,15
Salyan,Darma Gaunpalika,524 6 53 4 002,60901,3460,3036,132,270,22
Salyan,Dhorchaur Gaunpalika,524 6 53 4 003,60904,2404,1945,225,196,38
Salyan,Kalimati Gaunpalika,524 6 53 4 004,60908,4343,3384,487,413,59
Salyan,Kapurkot Gaunpalika,524 6 53 4 007,60910,3657,2559,689,395,14
Salyan,Kumakh Malika Gaunpalika,524 6 53 4 001,60902,4745,4088,284,342,31
Salyan,Sharada Municipality,524 6 53 3 003,60907,7391,3694,2252,1321,124
Salyan,Tribeni Gaunpalika,524 6 53 4 006,50206,3447,2013,1164,257,13
Sankhuwasabha,Bhotkhola Gaunpalika,524 1 09 4 002,10201,1379,961,24,391,3
Sankhuwasabha,Chainapur Municipality,524 1 09 3 003,10208,5938,860,802,4253,23
Sankhuwasabha,Chichila Gaunpalika,524 1 09 4 004,10204,1518,258,169,1089,2
Sankhuwasabha,Dharmadevi Municipality,524 1 09 3 004,10210,3958,393,672,2891,2
Sankhuwasabha,Khandabari Municipality,524 1 09 3 001,10206,7446,899,1998,4489,60
Sankhuwasabha,Madi Municipality,524 1 09 3 005,10209,3216,385,613,2213,5
Sankhuwasabha,Makalu Gaunpalika,524 1 09 4 001,10202,2922,1601,138,1173,10
Sankhuwasabha,Panchakhapan Municipality,524 1 09 3 002,10207,3634,1062,556,2008,8
Sankhuwasabha,Sabhapokhari Gaunpalika,524 1 09 4 005,10205,2192,709,129,1340,14
Sankhuwasabha,Silichong Gaunpalika,524 1 09 4 003,10203,2412,406,277,1717,12
Saptari,Agmisair Krishna Sabaran Gaunpalika,524 2 15 4 002,20103,5422,4262,616,441,103
Saptari,Balan-Bihul Gaunpalika,524 2 15 4 004,20108,3976,3691,140,95,50
Saptari,Belhi Chapena Gaunpalika,524 2 15 4 006,20111,5242,4740,251,171,80
Saptari,Bishnupur Gaunpalika,524 2 15 4 007,20112,4370,3759,370,206,35
Saptari,Bode Barsain Municipality,524 2 15 3 006,20109,8022,7096,614,202,110
Saptari,Chhinnamasta Gaunpalika,524 2 15 4 008,20118,5439,4745,288,197,209
Saptari,Dakneshwori Municipality,524 2 15 3 007,20110,8149,7350,397,273,129
Saptari,Hanumannagar Kankalini Municipality,524 2 15 3 009,20116,8152,6726,740,581,105
Saptari,Kanchanrup Municipality,524 2 15 3 005,20102,10192,6796,1715,1554,127
Saptari,Khadak Municipality,524 2 15 3 002,20106,8615,7187,991,344,93
Saptari,Mahadewa Gaunpalika,524 2 15 4 005,20114,5395,4735,429,139,92
Saptari,Rajbiraj Municipality,524 2 15 3 008,20113,13350,6142,5551,1446,211
Saptari,Rupani Gaunpalika,524 2 15 4 001,20104,5012,4272,407,305,28
Saptari,Saptakoshi Municipality,524 2 15 3 004,20101,4539,2775,921,791,52
Saptari,Shambhunath Municipality,524 2 15 3 003,20105,6764,5761,608,334,61
Saptari,Surunga Municipality,524 2 15 3 001,20107,8650,7668,559,335,88
Saptari,Tilathi Koiladi Gaunpalika,524 2 15 4 009,20117,5697,4699,651,325,22
Saptari,Tirahut Gaunpalika,524 2 15 4 003,20115,4078,3546,280,180,72
Sarlahi,Bagmati Municipality,524 2 19 3 001,20503,7984,5261,1772,884,67
Sarlahi,Balara Municipality,524 2 19 3 011,20516,7693,5719,643,1248,83
Sarlahi,Barahathawa Municipality,524 2 19 3 004,20504,11853,8914,2286,504,149
Sarlahi,Basbariya Gaunpalika,524 2 19 4 001,20513,3699,3208,292,172,27
Sarlahi,Bishnu Gaunpalika,524 2 19 4 008,20518,4008,3228,395,291,94
Sarlahi,Brahmapuri Gaunpalika,524 2 19 4 007,20509,4735,3567,758,343,67
Sarlahi,Chakraghatta Gaunpalika,524 2 19 4 004,20512,4409,3769,415,183,42
Sarlahi,Chandranagar Gaunpalika,524 2 19 4 002,20510,5540,4918,341,233,48
Sarlahi,Dhanakaul Gaunpalika,524 2 19 4 003,20514,3964,3463,299,141,61
Sarlahi,Godaita Municipality,524 2 19 3 008,20517,7902,6375,856,525,146
Sarlahi,Haripur Municipality,524 2 19 3 005,20505,6517,5053,1107,292,65
Sarlahi,Haripurwa Municipality,524 2 19 3 010,20507,5904,5113,531,217,43
Sarlahi,Hariwan Municipality,524 2 19 3 002,20502,8601,4353,2656,1500,92
Sarlahi,Ishworpur Municipality,524 2 19 3 006,20506,11073,8546,1930,458,139
Sarlahi,Kabilashi Municipality,524 2 19 3 007,20511,6871,5718,820,263,70
Sarlahi,Kaudena Gaunpalika,524 2 19 4 006,20519,4073,3309,559,171,34
Sarlahi,Lalbandi Municipality,524 2 19 3 003,20501,12238,6465,4120,1571,82
Sarlahi,Malangawa Municipality,524 2 19 3 009,20520,7912,4083,2962,794,73
Sarlahi,Parsa Gaunpalika,524 2 19 4 009,20508,3342,2762,240,306,34
Sarlahi,Ramnagar Gaunpalika,524 2 19 4 005,20515,4485,3896,201,348,40
Sindhuli,Dudhouli Municipality,524 3 20 3 002,31101,13164,9474,2498,1118,74
Sindhuli,Ghyanglekha Gaunpalika,524 3 20 4 003,31107,2457,2257,72,117,11
Sindhuli,Golanjor Gaunpalika,524 3 20 4 005,31104,3681,2712,621,333,15
Sindhuli,Hariharpurgaghi Gaunpalika,524 3 20 4 001,31109,4586,4305,101,156,24
Sindhuli,Kamalamai Municipality,524 3 20 3 001,31105,14315,5567,6379,2332,37
Sindhuli,Marin Gaunpalika,524 3 20 4 002,31108,4870,4203,483,168,16
Sindhuli,Phikkal Gaunpalika,524 3 20 4 007,31102,3035,2434,232,349,20
Sindhuli,Sunkoshi Gaunpalika,524 3 20 4 004,10407,4557,2814,1424,307,12
Sindhuli,Tinpatan Gaunpalika,524 3 20 4 006,31103,6879,4471,1010,1375,23
Sindhupalchok,Bahrabise Municipality,524 3 23 3 003,30209,6225,2335,2278,1586,26
Sindhupalchok,Balephi Gaunpalika,524 3 23 4 006,30208,4429,1311,2114,982,22
Sindhupalchok,Bhotekoshi Gaunpalika,524 3 23 4 004,30201,4183,2073,1162,929,19
Sindhupalchok,Choutara Sangachowkgadhi Municipality,524 3 23 3 002,30207,10906,2498,5478,2824,106
Sindhupalchok,Helambu Gaunpalika,524 3 23 4 001,30204,4203,1144,661,2377,21
Sindhupalchok,Indrawoti Gaunpalika,524 3 23 4 005,30206,6211,2479,1878,1821,33
Sindhupalchok,Jugal Gaunpalika,524 3 23 4 003,30202,3941,2637,619,661,24
Sindhupalchok,Lisankhu Pakhar Gaunpalika,524 3 23 4 009,30211,3680,1206,1581,884,9
Sindhupalchok,Melanchi Municipality,524 3 23 3 001,30205,10097,4084,2923,3042,48
Sindhupalchok,Panchpokhari Thangpal Gaunpalika,524 3 23 4 002,30203,5007,2206,1246,1526,29
Sindhupalchok,Sunkoshi Gaunpalika,524 3 23 4 007,10407,4359,772,2412,1152,23
Sindhupalchok,Tripurasundari Gaunpalika,524 3 23 4 008,30210,3394,1155,1186,1050,3
Siraha,Arnama Gaunpalika,524 2 16 4 003,20209,4047,3681,271,53,42
Siraha,Aurahi Gaunpalika,524 2 16 4 004,20216,4245,3821,241,116,67
Siraha,Bariyarpatti Gaunpalika,524 2 16 4 005,20215,4264,3908,227,101,28
Siraha,Bhagawanpur Gaunpalika,524 2 16 4 009,20213,3661,3143,217,260,41
Siraha,Bishnupur Gaunpalika,524 2 16 4 002,20112,3469,3033,343,85,8
Siraha,Dhangadhimai Municipality,524 2 16 3 004,20202,8757,7268,744,631,114
Siraha,Golbazar Municipality,524 2 16 3 003,20203,10110,7419,1511,1115,65
Siraha,Kalyanpur Municipality,524 2 16 3 006,20206,9391,7626,1264,398,103
Siraha,Karjanha Municipality,524 2 16 3 001,20205,6088,4730,760,554,44
Siraha,Lahan Municipality,524 2 16 3 005,20201,17182,11002,3971,2076,133
Siraha,Laxmipur Patari Gaunpalika,524 2 16 4 006,20211,4830,4391,255,160,24
Siraha,Mirchaiya Municipality,524 2 16 3 002,20204,9333,6703,1726,834,70
Siraha,Naraha Gaunpalika,524 2 16 4 001,20207,3673,3235,224,170,44
Siraha,Nawarajpur Gaunpalika,524 2 16 4 007,20214,3280,3042,177,46,15
Siraha,Sakhuwa Nankarkatti Gaunpalika,524 2 16 4 008,20212,3388,2736,309,328,15
Siraha,Siraha Municipality,524 2 16 3 008,20217,15477,11098,3022,1231,126
Siraha,Sukhipur Municipality,524 2 16 3 007,20210,6734,6018,416,272,28
Solukhumbu,Dhudha Koushika Gaunpalika,524 1 11 4 006,10305,4240,1112,1515,1602,11
Solukhumbu,Dhudhakoshi Gaunpalika,524 1 11 4 004,10304,2803,496,125,2178,4
Solukhumbu,Khumbu Pasanglhamu Gaunpalika,524 1 11 4 001,10301,2433,259,385,1786,3
Solukhumbu,Likhu Pike Gaunpalika,524 1 11 4 003,10308,1168,321,179,666,2
Solukhumbu,Mahakulung Gaunpalika,524 1 11 4 002,10302,2450,1377,430,642,1
Solukhumbu,Necha Salyan Gaunpalika,524 1 11 4 005,10306,3636,1004,887,1740,5
Solukhumbu,Solu Dhudhakunda Municipality,524 1 11 3 001,10307,4980,701,1347,2915,17
Solukhumbu,Sotang Gaunpalika,524 1 11 4 007,10303,2048,572,435,1035,6
Sunsari,Baraha Municipality,524 1 06 3 001,11302,17552,5745,7746,3982,79
Sunsari,Barju Gaunpalika,524 1 06 4 006,11312,6253,5231,760,242,20
Sunsari,Bhokraha Gaunpalika,524 1 06 4 002,11304,6798,5702,770,307,19
Sunsari,Dewangunj Gaunpalika,524 1 06 4 005,11311,6361,4916,715,717,13
Sunsari,Dharan Sub-Metropolitian City,524 1 06 2 001,11301,32693,955,23764,7736,238
Sunsari,Duhabi Municipality,524 1 06 3 004,11307,11893,5865,3184,2769,75
Sunsari,Gadhi Gaunpalika,524 1 06 4 003,11308,7039,5139,1162,696,42
Sunsari,Harinagara Gaunpalika,524 1 06 4 004,11310,6842,4782,1195,839,26
Sunsari,Inaruwa Municipality,524 1 06 3 003,11309,13020,5234,5816,1930,40
Sunsari,Itahari Sub-Metropolitian City,524 1 06 2 002,11306,33794,3802,18585,11166,241
Sunsari,Koshi Gaunpalika,524 1 06 4 001,11303,8543,5976,1310,1226,31
Sunsari,Ramdhuni Municipality,524 1 06 3 002,11305,11491,5183,4245,2018,45
Surkhet,Barahatal Gaunpalika,524 6 59 4 002,61007,5448,2368,1774,1283,23
Surkhet,Bheriganga Municipality,524 6 59 3 002,61005,8825,2906,2838,3044,37
Surkhet,Birendranagar Municipality,524 6 59 3 003,61006,23710,2780,15979,4807,144
Surkhet,Chaukune Gaunpalika,524 6 59 4 001,61009,4608,2586,1038,938,46
Surkhet,Chingad Gaunpalika,524 6 59 4 003,61002,2923,1210,245,1451,17
Surkhet,Gurbhakot Municipality,524 6 59 3 005,61004,9572,3038,3108,3375,51
Surkhet,Lekabeshi Municipality,524 6 59 3 004,61003,6346,1289,2700,2307,50
Surkhet,Panchapuri Municipality,524 6 59 3 001,61008,6304,1435,2782,2032,55
Surkhet,Simta Gaunpalika,524 6 59 4 004,61001,5094,3250,890,922,32
Syangja,Aandhikhola Gaunpalika,524 4 41 4 001,40903,4125,475,2410,1236,4
Syangja,Arjun Choupari Gaunpalika,524 4 41 4 003,40904,3938,615,2277,1036,10
Syangja,Bhirkot Municipaity,524 4 41 3 002,40905,6083,452,2800,2817,14
Syangja,Biruwa Gaunpalika,524 4 41 4 004,40906,4305,728,2039,1522,16
Syangja,Chapakot Municipality,524 4 41 3 005,40908,5934,828,2563,2527,16
Syangja,Galyang Municipality,524 4 41 3 003,40910,8275,885,3920,3459,11
Syangja,Harinas Gaunpalika,524 4 41 4 005,40907,3906,568,1369,1948,21
Syangja,Kaligandaki Gaunpalika,524 4 41 4 006,40911,4972,271,2635,2059,7
Syangja,Phedikhola Gaunpalika,524 4 41 4 002,40902,3254,342,2411,498,3
Syangja,Putalibazar Municipality,524 4 41 3 001,40901,11882,1135,8465,2265,17
Syangja,Walling Municipality,524 4 41 3 004,40909,12182,853,6340,4937,52
Tanahu,Aanbu Khaireni Gaunpalika,524 4 40 4 005,40710,4911,912,3243,742,14
Tanahu,Bandipur Gaunpalika,524 4 40 4 004,40709,4853,664,2715,1444,30
Tanahu,Bhanu Municipality,524 4 40 3 003,40701,12095,2057,6991,2960,87
Tanahu,Bhimad Municipality,524 4 40 3 004,40705,7488,1583,4384,1429,92
Tanahu,Byas Municipality,524 4 40 3 002,40702,18339,1585,13749,2898,107
Tanahu,Devghat Gaunpalika,524 4 40 4 006,40708,3435,358,2421,637,19
Tanahu,Ghiring Gaunpalika,524 4 40 4 002,40706,4137,1410,1792,921,14
Tanahu,Myagde Gaunpalika,524 4 40 4 001,40703,5628,1232,2888,1487,21
Tanahu,Rhishing Gaunpalika,524 4 40 4 003,40707,5215,1766,2441,989,19
Tanahu,Shuklagandaki Municipality,524 4 40 3 001,40704,12185,1056,9159,1938,32
Taplejung,Aatharai Tribeni Gaunpalika,524 1 01 4 006,10105,2888,912,301,1669,6
Taplejung,Maiwakhola Gaunpalika,524 1 01 4 005,10104,2194,454,207,1518,15
Taplejung,Meringden Gaunpalika,524 1 01 4 004,10103,2578,1056,325,1180,17
Taplejung,Mikwakhola Gaunpalika,524 1 01 4 002,10102,1869,669,197,995,8
Taplejung,Phaktanlung Gaunpalika,524 1 01 4 001,10101,2525,951,97,1453,24
Taplejung,Phungling Municipality,524 1 01 3 001,10106,5986,797,1952,3217,20
Taplejung,Sidingba Gaunpalika,524 1 01 4 008,10109,2370,543,365,1447,15
Taplejung,Sirijanga Gaunpalika,524 1 01 4 003,10108,3227,953,561,1694,19
Taplejung,Yangwarak Gaunpalika,524 1 01 4 007,10107,2834,586,758,1483,7
Terhathum,Aatharai Gaunpalika,524 1 08 4 003,10801,4578,2021,635,1901,21
Terhathum,Chhathar Gaunpalika,524 1 08 4 004,10806,3636,830,687,2105,14
Terhathum,Laligurans Municipality,524 1 08 3 001,10805,3677,619,1360,1688,10
Terhathum,Menchhayayem Gaunpalika,524 1 08 4 001,10803,1794,326,361,1101,6
Terhathum,Myanglung Municipality,524 1 08 3 002,10804,4595,553,1990,2044,8
Terhathum,Phedap Gaunpalika,524 1 08 4 002,10802,3804,1135,579,2076,14
Udayapur,Belaka Municipality,524 1 14 3 004,11401,8930,5422,1624,1864,20
Udayapur,Chaudandigadhi Municipality,524 1 14 3 003,11402,10519,4263,3843,2403,10
Udayapur,Katari Municipality,524 1 14 3 001,11407,11717,5604,3372,2681,60
Udayapur,Rautamai Gaunpalika,524 1 14 4 004,11404,4666,2757,979,904,26
Udayapur,Sunkoshi Gaunpalika,524 1 14 4 002,10407,2316,1464,27,820,5
Udayapur,Tapli Gaunpalika,524 1 14 4 001,11406,2703,998,462,1224,19
Udayapur,Triyuga Municipality,524 1 14 3 002,11403,19484,7632,8045,3748,59
Udayapur,Udayapurgadhi Gaunpalika,524 1 14 4 003,11408,6179,4021,1281,868,9
